{
  "extends": [
    "tslint:all","tslint-react", "tslint-eslint-rules"
  ],
  "rules": {
    "adjacent-overload-signatures": true,
    "align": [true, "parameters", "arguments", "statements"],
    "array-type": [true, "array"],
    "arrow-parens": [true, "ban-single-arg-parens"],
    "arrow-return-shorthand": [true, "multiline"],
    "await-promise": true,
    "ban": false,
    "ban-types": false,
    "binary-expression-operand-order": true,
    "callable-types": false,
    "class-name": true,
    "comment-format": [true, "check-space"],
    "completed-docs": [true, "enums", "functions", "methods", "properties", "classes", "interfaces", "types"],
    "curly": [true, "ignore-same-line"],
    "cyclomatic-complexity": true,
    "deprecation": true,
    "encoding": true,
    "eofline": true,
    "file-header": false,
    "forin": true,
    "import-blacklist": false,
    "import-spacing": true,
    "indent": [true, "spaces", 4],
    "interface-name": [true, "never-prefix"],
    "interface-over-type-literal": true,
    "jsdoc-format": true,
    "jsx-no-lambda": false,
    "jsx-no-multiline-js": false,
    "label-position": true,
    "linebreak-style": [true, "LF"],
    "match-default-export-name": true,
    "max-classes-per-file": [true, 5],
    "max-file-line-count": [true, 1000],
    "max-line-length": [true, 120],
    "member-access": [true, "check-constructor"],
    "member-ordering": [
      true,
      {
        "order": [
          "static-field",
          "instance-field",
          "constructor",
          "public-instance-method",
          "protected-instance-method",
          "private-instance-method"
        ]
      }
    ],
    "new-parens": true,
    "newline-before-return": false,
    "no-angle-bracket-type-assertion": true,
    "no-any": false,
    "no-arg": true,
    "no-bitwise": true,
    "no-boolean-literal-compare": true,
    "no-console": [true, "log", "dir", "error", "debug", "info", "time", "timeEnd", "trace"],
    "no-conditional-assignment": true,
    "no-consecutive-blank-lines": true,
    "no-construct": true,
    "no-debugger": true,
    "no-default-export": true,
    "no-duplicate-imports": true,
    "no-duplicate-super": true,
    "no-duplicate-variable": [true, "check-parameters"],
    "no-empty": true,
    "no-empty-interface": true,
    "no-eval": true,
    "no-floating-promises": true,
    "no-for-in-array": true,
    "no-import-side-effect": false,
    "no-inferrable-types": [true, "ignore-params", "ignore-properties"],
    "no-inferred-empty-object-type": true,
    "no-internal-module": true,
    "no-invalid-template-strings": true,
    "no-invalid-this": true,
    "no-irregular-whitespace": true,
    "no-magic-numbers": [true, -1, 0, 1, 2, 3],
    "no-mergeable-namespace": true,
    "no-misused-new": true,
    "no-namespace": true,
    "no-non-null-assertion": true,
    "no-null-keyword": true,
    "no-object-literal-type-assertion": true,
    "no-parameter-properties": false,
    "no-reference": true,
    "no-reference-import": true,
    "no-require-imports": true,
    "no-shadowed-variable": true,
    "no-sparse-arrays": true,
    "no-string-literal": true,
    "no-string-throw": true,
    "no-submodule-imports": false,
    "no-switch-case-fall-through": false,
    "no-this-assignment": [
      true,
      {
        "allow-destructuring": true
      }
    ],
    "no-trailing-whitespace": [true, "ignore-jsdoc"],
    "no-unbound-method": [true, "ignore-static"],
    "no-unnecessary-callback-wrapper": true,
    "no-unnecessary-initializer": true,
    "no-unnecessary-qualifier": false,
    "no-unnecessary-type-assertion": true,
    "no-unsafe-any": false,
    "no-unsafe-finally": true,
    "no-unused-expression": [true, "allow-fast-null-checks", "allow-new", "allow-tagged-template"],
    "no-unused-variable": true,
    "no-use-before-declare": true,
    "no-var-keyword": true,
    "no-var-requires": true,
    "no-void-expression": [true, "ignore-arrow-function-shorthand"],
    "number-literal-format": true,
    "object-literal-key-quotes": [true, "as-needed"],
    "object-literal-shorthand": true,
    "object-literal-sort-keys": false,
    "one-line": [true, "check-catch", "check-else", "check-open-brace", "check-whitespace"],
    "one-variable-per-declaration": [true, "ignore-for-loop"],
    "only-arrow-functions": false,
    "ordered-imports": false,
    "prefer-conditional-expression": true,
    "prefer-const": true,
    "prefer-for-of": true,
    "prefer-function-over-method": false,
    "prefer-method-signature": true,
    "prefer-object-spread": true,
    "prefer-switch": false,
    "prefer-template": [true, "allow-single-concat"],
    "promise-function-async": true,
    "quotemark": [true, "single", "jsx-double", "avoid-escape"],
    "radix": true,
    "restrict-plus-operands": true,
    "return-undefined": false,
    "semicolon": [true, "always"],
    "space-before-function-paren": [true, {"named": "never", "asyncArrow": "always"}],
    "space-within-parens": [true, 0],
    "strict-boolean-expressions": false,
    "strict-type-predicates": true,
    "switch-default": true,
    "trailing-comma": false,
    "triple-equals": [
      true,
      "allow-null-check",
      "allow-undefined-check"
    ],
    "typedef": [
      true,
      "property-declaration",
      "member-variable-declaration"
    ],
    "typedef-whitespace": [
      true,
      {
        "call-signature": "nospace",
        "index-signature": "nospace",
        "parameter": "nospace",
        "property-declaration": "nospace",
        "variable-declaration": "nospace"
      },
      {
        "call-signature": "onespace",
        "index-signature": "onespace",
        "parameter": "onespace",
        "property-declaration": "onespace",
        "variable-declaration": "onespace"
      }
    ],
    "typeof-compare": true,
    "unified-signatures": true,
    "use-default-type-parameter": false,
    "use-isnan": true,
    "variable-name": [
      true,
      "ban-keywords",
      "check-format"
    ],
    "whitespace": [
      true,
      "check-branch",
      "check-decl",
      "check-module",
      "check-operator",
      "check-separator",
      "check-type",
      "check-typecast",
      "check-preblock"
    ]
  }
}
